Season,Whorl...P.or.T,X,D47_mean,D47_SD,count,d18O,d18O_SD,T,CL95,CL95_T,d18Osw,DOY,Tmin,Tmax,dwmin,dwmax
summer,AW,AX,0.589860492,0.042653301,62,-2.150527044,0.312787802,27.892776,0.010920335,3.824099323,-0.27016391,203.6572,24.20918351,31.71674359,-1.11891794,0.610934613
autumn,AT,,0.58302926,0.030150341,34,-1.589938113,0.188987236,30.26786129,0.010678155,3.828468754,0.837679695,278.5111,26.57958263,34.09573584,-0.012154097,1.719678439
winter,AU,BA,0.599910483,0.034247571,40,-0.159068042,0.238708078,24.49781684,0.011092438,3.753274532,0.939046436,22.2037,20.88087235,28.2516104,0.105649088,1.80397583
spring,AV,,0.574933608,0.032719573,32,-1.531684703,0.212594892,33.15669742,0.011985423,4.433931676,1.561563551,160.2215,28.90860618,37.58921528,0.582740685,2.582881031
